{
  "avg_reward": 324.90818862009195,
  "avg_throughput": 327727637724.0185,
  "avg_handovers": 210.46,
  "rewards": [
    1796.6502164860647,
    747.20289404565,
    1787.875420456864,
    -1468.4723824633359,
    1901.4352283938335,
    1888.3478873361857,
    1539.2946533708607,
    1826.9757247538448,
    -775.5133131534534,
    -71.98664565754478,
    -184.9444539258188,
    -565.34352740485,
    1011.5921041745667,
    997.0535203725774,
    2747.2817382949447,
    -670.294644404085,
    -2594.894031625121,
    1582.7022255449983,
    1083.507173024216,
    272.42115565606906,
    131.27637881910357,
    -2085.74796964172,
    -772.6422388353892,
    386.90771371002137,
    822.4784343126158,
    1723.3017663427934,
    -398.0580406678842,
    791.693552695031,
    -1697.4411568796884,
    -2349.410667826167,
    -474.98610257239164,
    -372.73336010878666,
    1766.497293932194,
    1646.8476755383351,
    2248.3646947742386,
    1103.9893634437587,
    -868.1407580971234,
    1294.2101056559052,
    2522.839260954981,
    1310.6596918940738,
    -396.51932046262834,
    -1051.437080095332,
    -727.5648237054759,
    967.9604383105147,
    2149.84385101112,
    2054.949354351896,
    -1981.5132706836323,
    -1601.3245034598401,
    -2734.9125013409557,
    -14.869293641437343
  ],
  "throughputs": [
    462630043297.21295,
    279040578809.13,
    476675084091.3723,
    182305523507.33334,
    488187045678.76654,
    513369577467.2385,
    418958930674.17236,
    461295144950.76904,
    209597337369.30966,
    260802670868.49106,
    260911109214.83664,
    263631294519.02966,
    365818420834.91327,
    331610704074.51526,
    610356347658.9885,
    260641071119.1831,
    141221193674.97607,
    423840445109.00006,
    396001434604.8427,
    343784231131.21423,
    260055275763.82095,
    151150406071.65625,
    235771552232.9221,
    331481542742.0041,
    319495686862.5232,
    441760353268.5588,
    240888391866.42282,
    345638710539.0065,
    172111768624.06238,
    144417866434.76678,
    257402779485.522,
    234353327978.24304,
    436999458786.43884,
    444569535107.66644,
    534972938954.8472,
    378897872688.7518,
    226971848380.57532,
    387142021131.1815,
    579667852190.9971,
    379731938378.81464,
    248396135907.47424,
    197512583980.9334,
    216087035258.90503,
    322492087662.10254,
    530168770202.22455,
    500489870870.38043,
    156497345863.27335,
    172435099308.0321,
    133317499731.80782,
    254826141271.71262
  ],
  "handovers": [
    243,
    6,
    441,
    30,
    499,
    327,
    101,
    169,
    177,
    42,
    119,
    47,
    415,
    162,
    439,
    57,
    182,
    113,
    333,
    93,
    308,
    3,
    73,
    111,
    130,
    281,
    675,
    223,
    66,
    3,
    224,
    259,
    177,
    352,
    383,
    111,
    86,
    113,
    401,
    216,
    237,
    328,
    46,
    99,
    702,
    375,
    8,
    87,
    3,
    448
  ]
}