{
  "avg_reward": -10001.275628416874,
  "avg_throughput": 57704916.43781421,
  "avg_handovers": 2.6666666666666665,
  "rewards": [
    -10001.94229508354,
    -9999.94229508354,
    -10001.94229508354
  ],
  "throughputs": [
    57704916.43781421,
    57704916.43781421,
    57704916.43781421
  ],
  "handovers": [
    4,
    0,
    4
  ]
}