{"rewards": [-3.618012077372077, 6.007528362499411, 8.234219719102729, 1.0787753567737113, -6.060113219470947], "throughputs": [0, 0, 0, 0, 0], "handovers": [0, 0, 0, 0, 0], "training_time": 0.01823592185974121}