{"rewards": [-2055.4152119181063, -2054.893870699559, -2058.3846420660834, -2052.41175117893, -2060.927324483915, -2042.9388602939314, -2048.9371299253175, -2044.948665695972, -2039.95154964858, -2041.4596246526612, -2036.9682765679438, -2034.9694301446116, -2034.9682765673526, -2029.953856793587, -2034.9717373044464, -2039.9659694058528, -2033.9532800327927, -2034.9723140943763, -2019.922710175337, -2022.949819294668, -2027.4625086710953, -2020.9423210323773, -2028.974044464024, -2023.9821195194227, -2020.9838498881857, -2031.9775051528022, -2017.9861570470941, -2017.9867338367956, -2013.9901945591737, -2015.9878874143842, -2016.9792355709935, -2016.9803891507738, -2015.9890409837415, -2019.9711604709723, -2012.9198262326, -2017.904252911422, -2015.9884642052991, -2022.9832730986443, -2011.9925017331414, -2009.993655311918, -2012.9913481531974, -2013.99077134803, -2010.4048297044399, -2006.9953856789514, -2025.9838498874299, -2020.4630854367394, -2007.9919249438253, -2013.9596247226625, -2010.4411674390012, -2011.9919249403297, -2007.9671229868861, -2007.9930785229897, -2017.9890409933816, -2008.951549662301, -2003.8846420660834, -2011.9653926191304, -2005.994808891569, -2057.9642390260283, -2014.9901945721647, -2006.3863724350858, -2001.3846420660834, -2004.991348154463, -2026.9832730931146, -2004.9965392354202, -2006.9913481541107, -2033.9313620151745, -2021.4336691878393, -2013.946358560323, -2003.3881028040855, -2008.956163983933, -2002.987887401569, -2006.995385660103, -2003.9965392608956, -2003.9948088916146, -2003.9965392579597, -2002.4446281909961, -2006.481542686385, -2004.3846420660834, -2010.9175190770627, -2041.975198035644, -2026.9394370844582, -2032.4734676439423, -2014.9653926195047, -2003.9878873909395, -2037.895601068007, -2013.9907712841334, -2006.9919249428724, -2003.8846420660834, -2009.993655266443, -2002.9976928391363, -2002.997692822404, -2001.9982695974381, -2030.962508585009, -2016.989617618882, -2027.9826960762944, -2001.9976928402439, -2001.9157887078577, -2004.9965392368204, -2001.998269621624, -2001.9971160505393], "throughputs": [84788081.89033298, 106129300.43762419, 115357933.91250601, 88248821.06820016, 72675516.0832359, 61139706.06593078, 62870074.681813955, 51334304.02550719, 48450351.41903617, 40375347.33851522, 31723432.055402976, 30569855.388457745, 31723432.645720668, 46143206.412349455, 28262695.55299136, 34030594.14578745, 46719967.20615576, 27685905.621588547, 77289824.66034776, 50180705.33125364, 37491328.90368395, 57678967.62209484, 25955535.976906646, 17880480.576845903, 16150111.81449168, 22494847.19682847, 13842952.905383699, 13266163.203964006, 9805440.82612564, 12112585.615674261, 20764429.0060262, 19610849.227186166, 10959016.259049442, 28839529.027377233, 80173767.39826082, 95747088.57476866, 11535794.70083926, 16726901.354376318, 7498266.858142384, 6344688.080393604, 8651846.8029225, 9228651.969802778, 95170295.55744493, 4614321.048248358, 16150112.570263423, 36914563.25872192, 8075056.174293926, 40375277.33799503, 58832560.99604364, 8075059.6697984785, 32877013.11529458, 6921477.009805083, 10959006.618262036, 48450337.69920266, 115357933.91250601, 34607380.867890306, 5191108.431386997, 35760973.970123716, 9805427.835724892, 113627564.91013531, 115357933.91250601, 8651845.536842875, 16726906.8851137, 3460764.5801651827, 8651845.888737364, 68637984.82241166, 66330812.1584693, 53641439.67514755, 111897195.91072062, 43836016.066906154, 12112598.432296278, 4614339.896324212, 3460739.105036623, 5191108.385567757, 3460742.039802252, 55371809.00088534, 18457313.614443433, 115357933.91250601, 82480922.93471737, 24801964.35489075, 60562915.53977059, 26532356.05623291, 34607380.49590267, 12112609.060052345, 104398931.98959185, 9228715.865555188, 8075057.12755665, 115357933.91250601, 6344733.558377619, 2307160.863812578, 2307177.59648409, 1730402.5614894032, 37491414.98990769, 10382381.117048742, 17303923.704881035, 2307159.7572231023, 84211292.13929562, 3460763.179696179, 1730378.375307813, 2883949.4601333044], "handovers": [111, 110, 117, 105, 122, 86, 98, 90, 80, 83, 74, 70, 70, 60, 70, 80, 68, 70, 40, 46, 55, 42, 58, 48, 42, 64, 36, 36, 28, 32, 34, 34, 32, 40, 26, 36, 32, 46, 24, 20, 26, 28, 21, 14, 52, 41, 16, 28, 21, 24, 16, 16, 36, 18, 8, 24, 12, 116, 30, 13, 3, 10, 54, 10, 14, 68, 43, 28, 7, 18, 6, 14, 8, 8, 8, 5, 13, 9, 22, 84, 54, 65, 30, 8, 76, 28, 14, 8, 20, 6, 6, 4, 62, 34, 56, 4, 4, 10, 4, 4], "training_time": 18.257325172424316}