{"rewards": [-90.34865905913405, 3.2731259897307763, 7.490878098370639, -18.138255451110844, -90.56404591030667], "throughputs": [0, 0, 0, 0, 0], "handovers": [0, 0, 0, 0, 0], "training_time": 0.029454946517944336}