{
  "avg_reward": 841.3061520836318,
  "avg_throughput": 358946230416.7263,
  "avg_handovers": 7.35,
  "rewards": [
    1921.7259542012923,
    705.3319631250953,
    1952.4289885069602,
    -1032.0464971853844,
    2214.588746680018,
    2088.3168224469696,
    1672.2924782473979,
    1820.746767454285,
    -231.25100891663624,
    49.99298956349494,
    146.173457644674,
    -162.4489643665722,
    1241.7231168845717,
    1045.226370408559,
    2866.0285498625285,
    -172.80259280467652,
    -2237.0012834797376,
    1712.2372563522022,
    1455.1445337483824,
    632.1729121108382,
    484.6091973170924,
    -1333.8397465441703,
    -323.6162969811619,
    652.6011919683228,
    1061.814041920879,
    1997.5617843768198,
    305.6003477404579,
    1005.9042363735805,
    -1182.685436871522,
    -1945.7069052526278,
    37.17040214382202,
    158.41654459459653,
    1868.0585159163827,
    1859.639981061736,
    2387.6797772263867,
    1264.2685853579385,
    -431.35198724719675,
    1444.5745933220076,
    2794.438894248107,
    1598.5844930455755,
    88.90529014403863,
    -371.17833958788657,
    -419.54307272049857,
    1057.602404300427,
    2461.1671064695356,
    2111.3115741216156,
    -1771.870936482028,
    -1210.6300613566705,
    -2647.275718409342,
    617.2352569384993,
    3241.3025047797455,
    2793.57244168576,
    -1214.4749990767743,
    -979.3727887416924,
    305.73723600716283,
    243.3452828346794,
    -191.8314977619148,
    85.25578806491438,
    843.3587040868935,
    -422.6772586328043,
    3572.6275741847135,
    -82.38848692870481,
    1934.0692951575159,
    453.5957466066093,
    -1223.2792698137905,
    2088.398719516631,
    -2330.9714488258587,
    1416.317409532258,
    2865.3205130444894,
    1718.5173413226205,
    2658.929282891457,
    1349.5939678514671,
    1601.243213573125,
    -889.513383282046,
    2470.3310439002807,
    1121.3637665072065,
    2239.3456884015977,
    2440.122725083157,
    159.05384275592195,
    3936.014724574156,
    511.7950630394004,
    521.5155285098438,
    1641.714043890598,
    3594.7930312936514,
    2730.2236434634337,
    432.21623120211297,
    337.8598572659942,
    923.7406699207097,
    1101.7807989244545,
    -1267.441626379693,
    1206.3404406581071,
    665.5336349417616,
    -2471.969647911117,
    1895.6834769207287,
    2671.90661007413,
    989.2736166727869,
    531.006761600022,
    2253.947195470775,
    1707.5911838564311,
    642.1707380312913
  ],
  "throughputs": [
    464545190840.259,
    282266392625.0192,
    463185797701.3921,
    193390700562.92303,
    487817749336.00336,
    500463364489.3949,
    420058495649.47974,
    452549353490.85736,
    228949798216.67264,
    267398597912.69855,
    267434691528.9351,
    274310207126.68604,
    367144623376.9142,
    334245274081.71155,
    594505709972.5045,
    271239481439.06448,
    150399743304.05286,
    424147451270.44086,
    404828906749.6771,
    351234582422.16736,
    268121839463.41855,
    174432050691.16608,
    246476740603.7677,
    335920238393.6645,
    328562808384.17566,
    451712356875.3632,
    258320069548.09192,
    342980847274.7163,
    185662912625.69592,
    157258618949.47446,
    271234080428.7637,
    252883308918.91913,
    440811703183.2757,
    444727996212.3478,
    525335955445.2783,
    385053717071.5877,
    239529602550.56036,
    398114918664.40137,
    586087778849.6224,
    394916898609.1144,
    255981058028.8079,
    215964332082.42282,
    227291385455.9001,
    325720480860.0848,
    518433421293.90717,
    483662314824.3223,
    165825812703.59393,
    187073987728.66592,
    136344856318.13213,
    275647051387.6996,
    665460500955.9501,
    586914488337.1527,
    202305000184.64548,
    188325442251.66168,
    263347447201.4327,
    250869056566.93622,
    241433700447.61697,
    270251157612.9831,
    294871740817.3788,
    223664548273.43918,
    731225514836.9408,
    272722302614.25876,
    451613859031.5037,
    270919149321.3221,
    178544146037.24167,
    512479743903.3261,
    146005710234.8289,
    355463481906.45166,
    614164102608.8983,
    430903468264.52466,
    579085856578.2911,
    393118793570.29315,
    409048642714.6252,
    192297323343.59103,
    542666208780.0562,
    434072753301.441,
    488669137680.3199,
    521124545016.6324,
    249010768551.18402,
    802902944914.8301,
    295559012607.8796,
    279503105701.96906,
    428542808778.11914,
    736258606258.729,
    597744728692.6868,
    277643246240.4227,
    258771971453.19876,
    311948133984.14166,
    360556159784.89166,
    178711674724.06134,
    393068088131.62103,
    305906726988.35284,
    139906070417.77704,
    418336695384.14514,
    580081322014.8259,
    352054723334.5578,
    308001352320.0045,
    485189439094.15533,
    434518236771.2854,
    308634147606.2582
  ],
  "handovers": [
    12,
    2,
    7,
    8,
    9,
    8,
    16,
    14,
    2,
    4,
    2,
    8,
    8,
    2,
    13,
    18,
    8,
    17,
    8,
    8,
    2,
    2,
    2,
    14,
    2,
    12,
    2,
    8,
    2,
    4,
    8,
    2,
    22,
    8,
    8,
    12,
    8,
    12,
    12,
    2,
    2,
    2,
    2,
    2,
    12,
    14,
    2,
    12,
    8,
    2,
    12,
    12,
    12,
    2,
    2,
    2,
    8,
    2,
    2,
    2,
    7,
    12,
    8,
    2,
    2,
    8,
    2,
    2,
    11,
    12,
    13,
    12,
    8,
    2,
    16,
    18,
    8,
    11,
    2,
    7,
    2,
    2,
    12,
    13,
    7,
    2,
    2,
    2,
    12,
    2,
    8,
    8,
    3,
    2,
    7,
    12,
    8,
    24,
    10,
    2
  ]
}