{
  "avg_reward": -5609.139523270652,
  "avg_throughput": 419500476729.3482,
  "avg_handovers": 4.48,
  "rewards": [
    -3922.1579727409157,
    -7927.485673219652,
    -7505.807895687854,
    -4210.358858645511,
    -9059.818713891116,
    -9393.620128444934,
    -7383.151743193774,
    -7540.638225492832,
    -7114.2920017139295,
    -8552.783150742569,
    -8479.566134629782,
    -5669.184198786835,
    671.7381877986991,
    -8607.155446961317,
    -858.7163691598918,
    -7217.396664328571,
    -7279.157270498611,
    -5124.786570712744,
    -3825.7372329930645,
    630.3234355412332,
    -5244.459610744299,
    -2050.9435001388774,
    -4574.754216862026,
    -7261.504333036315,
    -2594.9786822789924,
    -3991.639151721504,
    -1706.258356183937,
    -7420.907203896501,
    -8918.065392980126,
    -4867.626445375422,
    -7869.700080513089,
    -9406.88317115413,
    -590.6780706809449,
    -2701.3640908700954,
    -3429.302735539342,
    -6456.913951824219,
    -2493.3375486971854,
    -7012.0635457506305,
    -3429.3907227468253,
    -4153.585558852372,
    -6409.76683641825,
    -5803.972932529291,
    -7993.875949026318,
    -9224.643638504827,
    -5810.700516793095,
    -8211.590679942185,
    -9000.862863328663,
    -1643.1296646515104,
    -6924.248400175422,
    -4890.0756838122
  ],
  "throughputs": [
    469342027259.0831,
    282514326780.35126,
    295692104312.14453,
    513141141354.48474,
    201681286108.89206,
    207379871555.0588,
    306848256806.23315,
    302861774507.1701,
    349207998286.0741,
    257216849257.4123,
    261933865370.2166,
    362315801213.1651,
    1035238187798.7002,
    252844553038.6751,
    705783630840.1095,
    316103335671.43695,
    292342729501.40094,
    396713429287.2558,
    485762767006.93353,
    1003823435541.2333,
    397040389255.70306,
    570556499861.122,
    498745783137.9726,
    309995666963.69525,
    699021317721.0071,
    524860848278.4948,
    575241643816.0632,
    310092796103.4962,
    241934607019.8752,
    423873554624.564,
    281799919486.9061,
    203116828845.86588,
    772821929319.0553,
    603135909129.9064,
    547197264460.65466,
    344586048175.7788,
    538162451302.81635,
    330436454249.36426,
    544609277253.1721,
    509914441147.62823,
    341733163581.7557,
    367527067470.7104,
    278624050973.66766,
    205356361495.17047,
    360799483206.91254,
    259909320057.81558,
    239137136671.33786,
    610370335348.4886,
    339251599824.57825,
    446424316187.80255
  ],
  "handovers": [
    3,
    0,
    3,
    7,
    3,
    2,
    0,
    7,
    7,
    0,
    3,
    3,
    7,
    0,
    9,
    7,
    3,
    3,
    3,
    7,
    3,
    3,
    7,
    3,
    8,
    13,
    3,
    2,
    0,
    3,
    3,
    0,
    7,
    9,
    13,
    3,
    3,
    5,
    8,
    7,
    3,
    3,
    5,
    0,
    3,
    3,
    0,
    7,
    7,
    13
  ]
}