{"rewards": [-6.144392763372399, 5.9515299808768685, 7.463918165374321, 1.9185354484844137, -4.483645801313551], "throughputs": [0, 0, 0, 0, 0], "handovers": [0, 0, 0, 0, 0], "training_time": 0.014616727828979492}