{
  "avg_reward": -6505.342518087825,
  "avg_throughput": 340332481912.1743,
  "avg_handovers": 4.35,
  "rewards": [
    -3831.109177890547,
    -8449.4683398602,
    -4761.135411369707,
    -9606.039675009086,
    -4031.925091803944,
    -4517.080642268234,
    -5246.62831867725,
    -4649.639049367207,
    -9364.626821198315,
    -8221.670559039245,
    -8535.07795034519,
    -8074.895372016853,
    -6265.632019824854,
    -7104.374784564352,
    -1875.0478837616192,
    -8012.8253748644,
    -9821.5990161451,
    -5095.654488041409,
    -5991.386601076929,
    -6651.033784632051
  ],
  "throughputs": [
    463890822109.4532,
    262031660139.79065,
    440364588630.2893,
    175460324990.917,
    469574908196.0557,
    477419357731.7625,
    395871681322.74615,
    443860950632.79346,
    206873178801.68137,
    239829440960.75775,
    236422049654.82825,
    256604627983.14127,
    345867980175.1422,
    309125215435.6444,
    586452116238.3805,
    248674625135.59915,
    139900983854.9004,
    396845511958.58655,
    381113398923.06415,
    330466215367.95245
  ],
  "handovers": [
    10,
    3,
    3,
    3,
    3,
    9,
    5,
    7,
    3,
    3,
    3,
    3,
    3,
    7,
    3,
    3,
    3,
    5,
    5,
    3
  ]
}