{"rewards": [-2049.640447560467, -2046.573273446562, -2049.5904502920757, -2038.817140318419, -2038.3537084230265, -1964.585243245596, -2022.505277212108, -2032.259224038674, -2036.0642979122508, -2035.8914032926896, -2039.7975287361132, -2015.6166646278039, -2026.2572349038217, -1948.8852963933232, -2021.4626767717946, -2027.2520123730776, -2023.193641760296, -2018.8318018901996, -1501.1122621027243, -2024.1646570139983, -2017.396859133788, -2022.3352173109297, -1916.7900424745671, -1947.8965109679202, -2021.8693349985508, -2013.3685420702348, -2013.626487664821, -1493.360480001234, -1996.8285787285552, -2007.3893623208498, -2011.855400297862, -2012.7414422170405, -2017.4858963644333, -2003.257296209968, -2003.6147161952333, -1930.777573548202, -1994.4844672822853, -2009.1328573024023, -2003.114257884712, -1997.8920692017807, -1989.2377584914482, -2004.7448109356792, -1993.8862828709825, -1999.5945765035892, -1911.3302951098583, -1988.1682582074711, -1835.7868605421882, -1989.5183982056421, -1987.9234856975368, -2001.513780203278, -1986.7395765847007, -1998.1960349146495, -1998.0709998190255, -1980.7744594500614, -1981.475246376834, -1998.2250349555077, -1991.616723674167, -1999.4187418230583, -1291.9853607449104, -1955.4225260061673, -2005.155717316163, -1842.830247027498, -1988.9823709152802, -1996.7157321439463, -1986.1217016925482, -2004.5483629267194, -1993.3390178645793, -1549.119123637643, -1981.7125848300477, -1997.2827403277597, -1999.3367699091166, -1993.4941138337933, -1998.6324423283986, -2003.3034172284852, -1995.6086542033324, -2009.194764561284, -2001.3548147736817, -1987.6144501025383, -1993.2957761463408, -1993.0334094501745, -2017.6238290525025, -1986.6498975309685, -1990.0107795485017, -1947.8017850334738, -1991.655434150858, -1984.2828738929995, -1988.470018019075, -1996.90461923942, -1940.206788674824, -1999.8402505910308, -2005.7419258355778, -1992.9879874150513, -1987.0674035895508, -1991.5082033690844, -1981.4104181776154, -1988.1066956806337, -1999.649310494309, -1998.046636640779, -1967.8281379508323, -1976.4629178752166], "throughputs": [7859552439.533253, 6926726553.438082, 13909549707.924187, 7682859681.581452, 14646291576.973972, 39914756754.40432, 17994722787.892143, 7240775961.327735, 11435702087.75014, 5108596707.310176, 7702471263.886874, 21883335372.198093, 8742765096.178043, 33614703606.676468, 13537323228.205006, 11247987626.921743, 8806358239.704376, 11168198109.798239, 59887737897.27553, 4835342986.000445, 4603140866.211962, 6164782689.070362, 43209957525.4336, 33103489032.07866, 6130665001.448843, 4631457929.764555, 6373512335.17946, 61639519998.76547, 13671421271.44524, 13110637679.150484, 5144599702.1375265, 5258557782.958818, 6514103635.566319, 9242703790.031654, 9885283804.766197, 35722426451.797455, 17015532717.71455, 7867142697.597796, 9885742115.289228, 10607930798.218153, 24762241508.552002, 6255189064.31926, 10613717129.016556, 8405423496.410125, 31669704890.14094, 18831741792.528915, 44213139457.81104, 20481601794.357216, 20076514302.461185, 6486219796.722761, 25260423415.29973, 7303965085.349817, 9429000180.974335, 24225540549.938763, 27024753623.1655, 14274965044.492363, 11383276325.833826, 6581258176.941823, 65014639255.09, 32577473993.832935, 7844282683.838226, 35169752972.5023, 15017629084.720053, 6284267856.053816, 17878298307.45246, 8451637073.28098, 11660982135.41998, 56880876362.35606, 21287415169.952724, 5717259672.240089, 5163230090.882855, 9505886166.20785, 5367557671.601339, 6196582771.514907, 8391345796.667015, 7805235438.714237, 9645185226.318203, 18385549897.462265, 9704223853.657692, 8966590549.826283, 6376170947.4978075, 15350102469.031292, 13989220451.497988, 29198214966.525948, 10344565849.142612, 26217126106.99922, 15529981980.924118, 6095380760.580852, 31793211325.17589, 4159749408.9684954, 7258074164.422371, 20512012584.948513, 14932596410.449554, 10491796630.915874, 22589581822.385567, 21893304319.366417, 4350689505.69136, 4953363359.221809, 24171862049.166927, 25537082124.7825], "handovers": [115, 107, 127, 93, 106, 109, 81, 79, 95, 82, 95, 75, 70, 65, 70, 77, 64, 60, 62, 58, 44, 57, 40, 42, 56, 36, 40, 50, 21, 41, 34, 36, 48, 25, 27, 33, 23, 34, 26, 17, 28, 22, 9, 16, 26, 14, 20, 20, 16, 16, 24, 11, 15, 10, 17, 25, 6, 12, 14, 16, 26, 16, 8, 6, 8, 26, 10, 12, 6, 6, 9, 6, 8, 19, 8, 34, 22, 12, 6, 4, 48, 4, 8, 34, 4, 21, 8, 6, 4, 8, 26, 27, 4, 4, 8, 20, 8, 6, 4, 4], "training_time": 29.47795009613037}