{"rewards": [-1776.8376243750076, -1242.146384888841, -1368.5834297185959, -1918.9874765162892, -2012.876386328114, -1119.6611688449339, -1203.3466182796, -1894.4481897345916, -158.5260105614895, -1414.0516383516488, -810.5429135753116, -1388.229468461881, -1922.4824678849027, -1533.370268228558, -50.57965287879612, -756.2084675726479, -1233.0892837734148, 144.60669543414843, -608.6111499635304, -705.1463214810605, -1165.9676724261287, -515.5246937552599, -1581.6633336391735, -1955.4533396577333, -306.0508476860308, -1726.2272384800578, -1136.2026914963103, -1994.8316174407387, 221.2905616521754, -1987.16022904019, -1956.1452047340638, -1985.653847248549, -1820.2678746216188, -1980.6858665852, -158.0487825554255, -1494.9103657869662, 29.45215874214885, -1947.193633582293, -218.9842937955585, -442.03670671620034, -105.97385357875757, -656.6018890348789, -1881.252396148455, -660.8201289228776, -1805.2585683878588, -1960.5701712812534, -1392.4438217954528, -1105.452541621623, -1615.3549709442002, -1915.8957967380693, -1361.0295555888672, -1629.1247575463997, -1885.9939136169487, -608.4655773268125, -244.6111649929566, -1944.590955942572, -1737.445673234006, -269.30401863860703, -1932.3330384931437, -1917.8685530278083, -1912.1940331470155, -1950.4929015025104, -1958.6098121747773, -916.5427960005385, -1947.0254382539608, -1960.7058194229382, -1972.0876620138629, -381.75774265795405, 83.7862908770919, -1868.079580696889, -909.9338559116412, -1599.1942407309316, -1948.0669332274185, -1719.3738709350848, -1891.5328261088553, -1340.674426902712, -323.68175804494285, -488.8060290657507, -1480.9681865214977, -1084.5477623978884, -1900.2020093072836, -1170.7515577736142, -1676.3524834245914, -1416.9163132796182, -1515.7976845219905, -489.9860320883796, -1164.8818759994017, -189.6314473389548, -1802.6607533894748, -1806.0169196545187, -1069.9262203053943, -1152.5494195671747, -1749.2721559934132, -156.38755048244636, -1928.465532246234, -128.66133313172617, -1114.454605237547, -1866.675550666751, -2.9359802416456273, -1313.7565278328768], "throughputs": [52662375624.9924, 70853615111.15794, 65916570281.404816, 47012523483.71046, 32623613671.886974, 74838831155.06654, 71653381720.40067, 46051810265.40766, 122973989438.51038, 66448361648.35193, 87957086424.68854, 66270531538.11977, 40517532115.09769, 62129731771.44105, 140920347121.2039, 90291532427.35172, 68410716226.58485, 194106695434.14813, 94888850036.46964, 91853678518.9393, 74532327573.87137, 106975306244.74008, 62336666360.82652, 39546660342.266266, 118449152313.96927, 54772761519.940796, 73297308503.68965, 28168382559.261333, 235290561652.17548, 27839770959.809612, 39854795265.93679, 33346152751.45082, 49732125378.38093, 33314133414.800423, 133451217444.57445, 60089634213.03379, 159452158742.1489, 38306366417.70731, 130515706204.44145, 106463293283.79993, 138526146421.24243, 91898110965.12119, 45747603851.54528, 92679871077.12192, 48741431612.14228, 39429828718.746025, 65556178204.54813, 76047458378.37775, 56145029055.79923, 39104203261.93016, 66470444411.1323, 57375242453.599815, 42006086383.05073, 96034422673.18779, 120888835007.04352, 37409044057.4265, 55554326765.993706, 123195981361.39288, 42666961506.855125, 40131446972.19121, 44805966852.984604, 35507098497.489395, 35390187825.22294, 81957203999.46165, 34974561746.03924, 32294180577.061947, 34912337986.13698, 110742257342.04596, 166286290877.09186, 48920419303.11106, 81066144088.35876, 56805759269.06811, 36933066772.57997, 51626129064.914925, 41967173891.14555, 66825573097.28979, 106818241955.05714, 101693970934.24876, 60531813478.503716, 75952237602.11098, 45797990692.71546, 72748442226.38641, 57647516575.408806, 63083686720.38213, 60702315478.01006, 101013967911.62022, 75118124000.59904, 131368552661.04518, 47339246610.52504, 49483080345.48047, 79573779694.60606, 70950580432.8252, 49727844006.5863, 143612449517.55362, 39534467753.76646, 141838666868.2738, 76045394762.45276, 43824449333.25075, 148064019758.3544, 68743472167.12334], "handovers": [119, 106, 129, 112, 111, 89, 130, 101, 83, 81, 77, 89, 66, 51, 63, 53, 43, 39, 47, 54, 61, 45, 68, 110, 29, 62, 39, 46, 28, 30, 72, 58, 80, 48, 23, 30, 20, 31, 19, 17, 9, 17, 34, 7, 48, 20, 36, 23, 43, 30, 15, 53, 76, 9, 11, 44, 86, 5, 50, 36, 54, 12, 8, 17, 4, 6, 14, 5, 5, 134, 2, 52, 10, 62, 67, 35, 1, 1, 63, 1, 92, 87, 108, 60, 13, 2, 20, 2, 80, 91, 19, 7, 58, 0, 16, 1, 1, 81, 2, 65], "training_time": 25.963438749313354}