{
  "avg_reward": -9859.724358797124,
  "avg_throughput": 81275641202.87082,
  "avg_handovers": 4.0,
  "rewards": [
    -9909.644001968534,
    -9940.830921857812,
    -9930.792789734807,
    -9941.673228433372,
    -9919.982732055894,
    -9970.187976986545,
    -9699.439217886656,
    -9881.044457965543,
    -9871.703974122218,
    -9531.944286959868
  ],
  "throughputs": [
    92355998031.45071,
    61169078142.17395,
    71207210265.1902,
    60326771566.615746,
    82017267944.10188,
    31812023013.458,
    132560782113.34415,
    90955542034.46136,
    100296025877.78471,
    90055713040.1276
  ],
  "handovers": [
    4,
    4,
    4,
    4,
    4,
    4,
    4,
    4,
    4,
    4
  ]
}