{"rewards": [-5.490745566375229, 6.662427955467716, 6.38208859560387, 1.9094849598944925, -7.443627502255418], "throughputs": [0, 0, 0, 0, 0], "handovers": [0, 0, 0, 0, 0], "training_time": 0.02140069007873535}