{"rewards": [-90.88182083969232, -15.077083810786538, -3.5032181777398645, -27.811112267940665, -101.59663516733858], "throughputs": [0, 0, 0, 0, 0], "handovers": [0, 0, 0, 0, 0], "training_time": 0.030820846557617188}