{
  "avg_reward": -10025.710935981348,
  "avg_throughput": 139064018.6841983,
  "avg_handovers": 51.7,
  "rewards": [
    -10124.859263278555,
    -10001.977505155714,
    -10004.964238979195,
    -10003.961931844593,
    -9999.923210330677,
    -10026.972890841269,
    -10002.76236264529,
    -10087.81485051036,
    -10001.874836639176,
    -10001.99826958865
  ],
  "throughputs": [
    140736721.48122084,
    22494844.298761893,
    35761020.82198797,
    38068155.40758598,
    576789669.5625255,
    27109158.73094049,
    237637354.7085352,
    185149489.63104516,
    125163360.83586678,
    1730411.36351289
  ],
  "handovers": [
    250,
    4,
    10,
    8,
    1,
    54,
    6,
    176,
    4,
    4
  ]
}