{"rewards": [-2055.9884590167203, -2064.4884590167203, -2048.9884590167203, -2049.4884590167203, -2037.9884590167203, -2051.9884590167203, -2043.9884590167203, -2041.9884590167203, -2037.4884590167203, -2042.9884590167203, -2043.4884590167205, -2035.4884590167203, -2031.9884590167203, -2038.4884590167203, -2027.9884590167203, -2027.9884590167203, -2041.9884590167203, -2025.9884590167203, -2031.9884590167203, -2025.4884590167203, -2019.9884590167203, -2019.9884590167203, -2022.4884590167203, -2020.9884590167203, -2024.4884590167203, -2026.9884590167203, -2012.9884590167203, -2014.9884590167203, -2021.9884590167203, -2013.9884590167203, -2014.9884590167203, -2013.9884590167203, -2012.9884590167203, -2013.9884590167203, -2012.9884590167203, -2009.98845901672, -2023.9884590167203, -2016.9884590167203, -2016.4884590167203, -2015.9884590167203, -2013.9884590167203, -2008.9884590167203, -2007.98845901672, -2007.48845901672, -2007.48845901672, -2014.4884590167203, -2011.9884590167203, -2008.98845901672, -2011.9884590167203, -2008.9884590167203, -2007.9884590167203, -2005.9884590167203, -2015.9884590167203, -2006.98845901672, -2003.98845901672, -2014.9884590167203, -2008.4884590167203, -2001.98845901672, -2006.9884590167203, -2003.98845901672, -2012.9884590167203, -2022.4884590167203, -2001.98845901672, -2008.98845901672, -2005.4884590167203, -2006.9884590167203, -2002.98845901672, -2004.98845901672, -2003.98845901672, -2005.9884590167203, -2011.9884590167203, -2003.98845901672, -2002.98845901672, -2001.98845901672, -2004.98845901672, -2024.9884590167205, -2002.98845901672, -2002.98845901672, -2003.98845901672, -2004.48845901672, -2009.9884590167203, -2003.98845901672, -2003.98845901672, -2002.98845901672, -2002.48845901672, -2002.98845901672, -2002.98845901672, -2002.48845901672, -2001.98845901672, -2002.98845901672, -2004.98845901672, -2001.98845901672, -2001.98845901672, -2002.98845901672, -2003.98845901672, -2004.4884590167203, -2001.98845901672, -2003.98845901672, -2002.98845901672, -2001.98845901672], "throughputs": [11540983.28756307, 11540983.28756307, 11540983.28756307, 11540983.28756307, 11540983.28756307, 11540983.28756307, 11540983.28756307, 11540983.28756307, 11540983.28756307, 11540983.28756307, 11540983.28756307, 11540983.28756307, 11540983.28756307, 11540983.28756307, 11540983.28756307, 11540983.28756307, 11540983.28756307, 11540983.28756307, 11540983.28756307, 11540983.28756307, 11540983.28756307, 11540983.28756307, 11540983.28756307, 11540983.28756307, 11540983.28756307, 11540983.28756307, 11540983.28756307, 11540983.28756307, 11540983.28756307, 11540983.28756307, 11540983.28756307, 11540983.28756307, 11540983.28756307, 11540983.28756307, 11540983.28756307, 11540983.28756307, 11540983.28756307, 11540983.28756307, 11540983.28756307, 11540983.28756307, 11540983.28756307, 11540983.28756307, 11540983.28756307, 11540983.28756307, 11540983.28756307, 11540983.28756307, 11540983.28756307, 11540983.28756307, 11540983.28756307, 11540983.28756307, 11540983.28756307, 11540983.28756307, 11540983.28756307, 11540983.28756307, 11540983.28756307, 11540983.28756307, 11540983.28756307, 11540983.28756307, 11540983.28756307, 11540983.28756307, 11540983.28756307, 11540983.28756307, 11540983.28756307, 11540983.28756307, 11540983.28756307, 11540983.28756307, 11540983.28756307, 11540983.28756307, 11540983.28756307, 11540983.28756307, 11540983.28756307, 11540983.28756307, 11540983.28756307, 11540983.28756307, 11540983.28756307, 11540983.28756307, 11540983.28756307, 11540983.28756307, 11540983.28756307, 11540983.28756307, 11540983.28756307, 11540983.28756307, 11540983.28756307, 11540983.28756307, 11540983.28756307, 11540983.28756307, 11540983.28756307, 11540983.28756307, 11540983.28756307, 11540983.28756307, 11540983.28756307, 11540983.28756307, 11540983.28756307, 11540983.28756307, 11540983.28756307, 11540983.28756307, 11540983.28756307, 11540983.28756307, 11540983.28756307, 11540983.28756307], "handovers": [112, 129, 98, 99, 76, 104, 88, 84, 75, 86, 87, 71, 64, 77, 56, 56, 84, 52, 64, 51, 40, 40, 45, 42, 49, 54, 26, 30, 44, 28, 30, 28, 26, 28, 26, 20, 48, 34, 33, 32, 28, 18, 16, 15, 15, 29, 24, 18, 24, 18, 16, 12, 32, 14, 8, 30, 17, 4, 14, 8, 26, 45, 4, 18, 11, 14, 6, 10, 8, 12, 24, 8, 6, 4, 10, 50, 6, 6, 8, 9, 20, 8, 8, 6, 5, 6, 6, 5, 4, 6, 10, 4, 4, 6, 8, 9, 4, 8, 6, 4], "training_time": 18.2446231842041}