{"rewards": [-102.15299946065615, -3.2063095780541406, 1.8230723573250267, -91.36331099081934, -60.14006711265242], "throughputs": [1847000539.3438628, 9793690421.945858, 6323072357.325027, 2636689009.1806755, 3359932887.34758], "handovers": [8, 6, 9, 8, 7], "training_time": 0.03138113021850586}