{
  "avg_reward": -6889.866848695104,
  "avg_throughput": 328316484638.22894,
  "avg_handovers": 59.03333333333333,
  "rewards": [
    -4132.252511064354,
    -8587.071601712849,
    -4326.628000979072,
    -9643.292192759298,
    -3814.7765552931537,
    -4092.2013970270964,
    -4664.665939972478,
    -4747.133061345815,
    -9232.652714799537,
    -8021.429966030112,
    -8420.921823997181,
    -7925.60198381506,
    -5819.121699440028,
    -6921.001595686945,
    -1744.974269106153,
    -7821.487443296705,
    -9752.305055475277,
    -4742.12942198787,
    -5481.08802176276,
    -6369.837028509701,
    -8622.876753333958,
    -9792.069675961422,
    -8434.930000880242,
    -6604.364100263868,
    -7440.895924966206,
    -4618.386799937201,
    -8955.64823215184,
    -6497.149406316034,
    -9623.163012967501,
    -9845.949270013407
  ],
  "throughputs": [
    459747488935.6448,
    262928398287.1476,
    467371999020.9262,
    186707807240.70883,
    479223444706.8497,
    521798602972.9039,
    425334060027.5254,
    453366938654.1917,
    218347285200.46683,
    256070033969.88107,
    254078176002.82938,
    271398016184.93375,
    364878300559.96967,
    324998404313.0588,
    598525730893.8473,
    275512556703.28564,
    158694944524.71527,
    419370578012.1314,
    425911978237.2428,
    357162971490.3002,
    257123246666.03464,
    167930324038.56735,
    243069999119.75787,
    330635899736.1392,
    302604075033.7907,
    442113200062.7976,
    244351767848.17014,
    349350593683.96515,
    176836987032.49088,
    154050729986.59488
  ],
  "handovers": [
    64,
    0,
    28,
    0,
    48,
    128,
    240,
    41,
    2,
    75,
    70,
    54,
    148,
    92,
    107,
    54,
    2,
    43,
    54,
    94,
    0,
    0,
    56,
    50,
    27,
    241,
    0,
    53,
    0,
    0
  ]
}