{"rewards": [-1846.9727960869375, -476.4836770870437, -934.3726762793331, -483.3796192067473, -3.7613891157938455, -2001.9357319968528, -700.3882304299717, -1048.4443616614892, -1717.7975018628524, -533.0066962631842, -1584.4792568885878, -1901.7592880694988, -1995.418026368407, -1144.9004676769348, -2028.9546795428714, -748.8534790406895, -44.816136222749186, -1112.3433753498591, -1994.131411815024, -1498.0746564741455, 29.731740747189743, -2030.4000911960777, -701.719106465745, -472.3313075186792, -49.23653824285515, -1187.9177927611363, -1941.6097033639385, -1447.4366084321534, -166.25864905898013, -76.53643470289353], "throughputs": [47027203913.06142, 105516322912.9563, 83127323720.66743, 116120380793.25293, 166738610884.2062, 36564268003.14723, 92111769570.02829, 77555638338.51077, 54702498137.14711, 105993303736.81615, 59020743111.41247, 45240711930.50122, 37581973631.59268, 76099532323.06572, 33545320457.127663, 88646520959.3099, 159183863777.25082, 74156624650.14133, 33368588184.97682, 62425343525.85434, 190231740747.18964, 28099908803.923397, 97780893534.25473, 104168692481.32106, 165263461757.14484, 75082207238.86324, 42890296636.06083, 62063391567.84738, 128241350941.01988, 151463565297.1065], "handovers": [108, 124, 115, 119, 101, 97, 105, 112, 105, 118, 127, 94, 106, 102, 125, 115, 108, 93, 115, 101, 101, 117, 79, 93, 109, 86, 109, 99, 89, 96], "training_time": 5.764752149581909}