{
  "avg_reward": -10002.99229508354,
  "avg_throughput": 57704916.43781421,
  "avg_handovers": 6.1,
  "rewards": [
    -10001.94229508354,
    -10005.942295083541,
    -10001.94229508354,
    -10001.94229508354,
    -10001.94229508354,
    -10001.44229508354,
    -10001.94229508354,
    -10004.942295083541,
    -10002.942295083541,
    -10004.942295083541
  ],
  "throughputs": [
    57704916.43781421,
    57704916.43781421,
    57704916.43781421,
    57704916.43781421,
    57704916.43781421,
    57704916.43781421,
    57704916.43781421,
    57704916.43781421,
    57704916.43781421,
    57704916.43781421
  ],
  "handovers": [
    4,
    12,
    4,
    4,
    4,
    3,
    4,
    10,
    6,
    10
  ]
}