{
  "avg_reward": 865.3162078216621,
  "avg_throughput": 368995241564.3325,
  "avg_handovers": 32.72,
  "rewards": [
    2106.2975132285,
    704.1236259101668,
    2133.1291294743496,
    -1178.7449857280271,
    2279.104791759985,
    2217.6888779147316,
    1721.8399379210837,
    1826.6186793939771,
    -427.2856635903869,
    -128.6127853209384,
    -7.9059985517654665,
    -136.97797235717934,
    1264.6460107244109,
    1042.1745805624048,
    3109.336909865772,
    -119.89670351912663,
    -1992.97925271925,
    1826.8047005224178,
    1548.8409948088301,
    630.8859428207071,
    492.5393653536559,
    -1597.5299633428103,
    -324.93387838275635,
    697.9108455422922,
    909.3268797472626,
    2111.6193966014494,
    247.54822893598973,
    1066.462913727767,
    -1467.4016955808008,
    -2043.0859475071868,
    -138.87715246002784,
    159.01514287942342,
    2036.2588566924815,
    1893.4858112741001,
    2574.0682227889038,
    1194.1693425191352,
    -410.36265832294276,
    1520.6124867588173,
    2856.5953293284797,
    1615.0049576078882,
    71.41322680410711,
    -385.28992906703496,
    -522.9441042938162,
    930.9294437206036,
    2735.0500235075574,
    2254.6741078474274,
    -1733.3626579597683,
    -1380.3976688495782,
    -2559.9245079464213,
    617.1722179119168,
    3559.494356569833,
    2884.787135328272,
    -1295.497097718596,
    -990.4715936482509,
    319.1242224002178,
    269.1814383944564,
    -171.95854744065085,
    43.692985657967796,
    841.9846355000011,
    -415.87097406401784,
    3799.580287015209,
    -272.1088263376004,
    2077.912867045856,
    448.32966839874325,
    -1459.6988208131468,
    2123.9613208643054,
    -2443.4922077558654,
    1412.9106965424228,
    2962.6633456748327,
    1779.9516677808788,
    2802.1458833657703,
    1356.470322733647,
    1642.421398213643,
    -1142.5608552345407,
    2551.9525947581155,
    1386.4089449458365,
    2427.9320463024897,
    2613.725976679534,
    152.53752100627378,
    3922.420066770172,
    523.9372700011195,
    514.6453823892314,
    1730.2307693003045,
    3818.1915749136933,
    2901.820052837975,
    435.17103943279045,
    344.40481130430277,
    823.980463268651,
    1138.7853010868141,
    -1271.6872349220034,
    1277.654948744671,
    681.6400480723477,
    -2351.670890444653,
    1905.25456375917,
    2750.624723703787,
    976.1874847344901,
    578.4864393939818,
    2375.1249800047076,
    1800.0573924224666,
    552.01623426978
  ],
  "throughputs": [
    497059502645.69977,
    282024725182.03345,
    498225825894.8703,
    190351002854.39426,
    520020958351.9969,
    522337775582.94714,
    432167987584.2168,
    466123735878.79584,
    222742867281.92264,
    260077442935.81213,
    263618800289.6474,
    276504405528.56445,
    369729202144.88214,
    334034916112.48065,
    645167381973.1539,
    274520659296.17465,
    157904149456.15045,
    442160940104.4846,
    424568198961.76624,
    353777188564.14136,
    268707873070.7312,
    169594007331.43845,
    246213224323.44888,
    347582169108.4584,
    320265375949.45233,
    468123879320.2899,
    250709645787.19803,
    352892582745.5536,
    177619660883.84067,
    154482810498.56256,
    265824569507.9941,
    253003028575.88452,
    467251771338.49493,
    456297162254.8204,
    557813644557.7809,
    381433868503.82684,
    242127468335.41116,
    412322497351.7633,
    603919065865.6962,
    396200991521.5769,
    255482645360.82156,
    216142014186.59308,
    220511179141.2368,
    322585888744.12054,
    563010004701.512,
    511134821569.4853,
    168427468408.0464,
    182020466230.08438,
    138015098410.71692,
    275634443582.38306,
    735298871313.9666,
    608957427065.6552,
    201300580456.28067,
    188105681270.34998,
    261124844480.0436,
    251036287678.8915,
    241208290511.86984,
    269038597131.59357,
    294596927100.0003,
    224025805187.19644,
    785116057403.0431,
    269178234732.48007,
    479582573409.1708,
    269865933679.749,
    171160235837.37103,
    524692264172.8609,
    141501558448.82742,
    354782139308.4845,
    639732669134.9673,
    452590333556.176,
    607229176673.1537,
    401494064546.7293,
    421684279642.7289,
    183587828953.09216,
    569790518951.6222,
    472681788989.1678,
    519186409260.49744,
    557345195335.9065,
    248907504201.25446,
    823884013354.035,
    297987454000.2235,
    279129076477.8466,
    451646153860.0608,
    786738314982.7389,
    632564010567.5952,
    277234207886.5582,
    259080962260.86047,
    307996092653.72986,
    366557060217.3632,
    176862553015.59918,
    407730989748.93384,
    306528009614.47015,
    143765821911.0696,
    418450912751.8334,
    602124944740.7578,
    360037496946.8985,
    317897287878.796,
    503224996000.9423,
    455211478484.4931,
    301603246853.95575
  ],
  "handovers": [
    68,
    2,
    66,
    1,
    82,
    58,
    18,
    78,
    2,
    8,
    2,
    9,
    8,
    6,
    93,
    25,
    25,
    38,
    38,
    26,
    2,
    1,
    2,
    40,
    4,
    48,
    2,
    6,
    1,
    1,
    16,
    2,
    30,
    26,
    40,
    46,
    2,
    72,
    106,
    2,
    2,
    2,
    1,
    4,
    30,
    72,
    1,
    1,
    0,
    2,
    144,
    110,
    64,
    2,
    3,
    2,
    6,
    3,
    2,
    2,
    172,
    6,
    20,
    2,
    1,
    119,
    2,
    2,
    122,
    26,
    78,
    52,
    32,
    1,
    74,
    74,
    26,
    56,
    4,
    294,
    2,
    2,
    16,
    151,
    122,
    2,
    2,
    2,
    8,
    2,
    22,
    2,
    1,
    4,
    140,
    8,
    12,
    22,
    32,
    2
  ]
}