{"rewards": [-2.142068482596141, 4.713060453575695, 7.129904641108529, 3.5864031053810432, -7.603458482363057], "throughputs": [0, 0, 0, 0, 0], "handovers": [0, 0, 0, 0, 0], "training_time": 0.015133857727050781}