{"rewards": [-2057.9884590167203, -2046.4884590167203, -2065.9884590167203, -2057.4884590167203, -2057.4884590167203, -2049.9884590167203, -2044.4884590167203, -2048.4884590167203, -2046.4884590167203, -2048.9884590167203, -2042.9884590167203, -2042.4884590167205, -2038.4884590167203, -2041.9884590167203, -2032.9884590167203, -2034.4884590167203, -2026.9884590167203, -2025.9884590167203, -2030.9884590167203, -2024.9884590167203, -2026.4884590167203, -2019.4884590167203, -2014.9884590167203, -2025.9884590167203, -2020.4884590167203, -2017.4884590167203, -2016.9884590167203, -2014.4884590167203, -2020.9884590167203, -2024.9884590167203, -2017.9884590167203, -2017.9884590167203, -2012.4884590167203, -2014.9884590167203, -2017.4884590167203, -2013.9884590167203, -2011.4884590167203, -2012.9884590167203, -2006.9884590167203, -2013.4884590167203, -2013.9884590167203, -2006.9884590167203, -2009.9884590167203, -2007.9884590167203, -2013.9884590167203, -2016.4884590167203, -2010.4884590167203, -2008.9884590167203, -2006.98845901672, -2008.98845901672, -2011.4884590167203, -2007.9884590167203, -2004.98845901672, -2003.98845901672, -2004.98845901672, -2014.4884590167203, -2005.98845901672, -2003.98845901672, -2001.98845901672, -2004.98845901672, -2017.9884590167203, -2003.98845901672, -2002.98845901672, -2003.98845901672, -2002.98845901672, -2018.9884590167203, -2004.98845901672, -2003.98845901672, -2003.98845901672, -2002.98845901672, -2009.9884590167203, -2003.98845901672, -2003.98845901672, -2002.98845901672, -2001.98845901672, -2014.9884590167203, -2001.98845901672, -2006.4884590167203, -2003.98845901672, -2003.48845901672, -2005.9884590167203, -2002.98845901672, -2003.98845901672, -2003.98845901672, -2002.98845901672, -2008.9884590167203, -2002.98845901672, -2002.98845901672, -2001.98845901672, -2003.98845901672, -2003.48845901672, -2001.98845901672, -2002.98845901672, -2001.98845901672, -2002.48845901672, -2007.9884590167203, -2001.48845901672, -2003.48845901672, -2002.98845901672, -2001.98845901672], "throughputs": [11540983.28756307, 11540983.28756307, 11540983.28756307, 11540983.28756307, 11540983.28756307, 11540983.28756307, 11540983.28756307, 11540983.28756307, 11540983.28756307, 11540983.28756307, 11540983.28756307, 11540983.28756307, 11540983.28756307, 11540983.28756307, 11540983.28756307, 11540983.28756307, 11540983.28756307, 11540983.28756307, 11540983.28756307, 11540983.28756307, 11540983.28756307, 11540983.28756307, 11540983.28756307, 11540983.28756307, 11540983.28756307, 11540983.28756307, 11540983.28756307, 11540983.28756307, 11540983.28756307, 11540983.28756307, 11540983.28756307, 11540983.28756307, 11540983.28756307, 11540983.28756307, 11540983.28756307, 11540983.28756307, 11540983.28756307, 11540983.28756307, 11540983.28756307, 11540983.28756307, 11540983.28756307, 11540983.28756307, 11540983.28756307, 11540983.28756307, 11540983.28756307, 11540983.28756307, 11540983.28756307, 11540983.28756307, 11540983.28756307, 11540983.28756307, 11540983.28756307, 11540983.28756307, 11540983.28756307, 11540983.28756307, 11540983.28756307, 11540983.28756307, 11540983.28756307, 11540983.28756307, 11540983.28756307, 11540983.28756307, 11540983.28756307, 11540983.28756307, 11540983.28756307, 11540983.28756307, 11540983.28756307, 11540983.28756307, 11540983.28756307, 11540983.28756307, 11540983.28756307, 11540983.28756307, 11540983.28756307, 11540983.28756307, 11540983.28756307, 11540983.28756307, 11540983.28756307, 11540983.28756307, 11540983.28756307, 11540983.28756307, 11540983.28756307, 11540983.28756307, 11540983.28756307, 11540983.28756307, 11540983.28756307, 11540983.28756307, 11540983.28756307, 11540983.28756307, 11540983.28756307, 11540983.28756307, 11540983.28756307, 11540983.28756307, 11540983.28756307, 11540983.28756307, 11540983.28756307, 11540983.28756307, 11540983.28756307, 11540983.28756307, 11540983.28756307, 11540983.28756307, 11540983.28756307, 11540983.28756307], "handovers": [116, 93, 132, 115, 115, 100, 89, 97, 93, 98, 86, 85, 77, 84, 66, 69, 54, 52, 62, 50, 53, 39, 30, 52, 41, 35, 34, 29, 42, 50, 36, 36, 25, 30, 35, 28, 23, 26, 14, 27, 28, 14, 20, 16, 28, 33, 21, 18, 14, 18, 23, 16, 10, 8, 10, 29, 12, 8, 4, 10, 36, 8, 6, 8, 6, 38, 10, 8, 8, 6, 20, 8, 8, 6, 4, 30, 4, 13, 8, 7, 12, 6, 8, 8, 6, 18, 6, 6, 4, 8, 7, 4, 6, 4, 5, 16, 3, 7, 6, 4], "training_time": 19.383824110031128}