{"rewards": [-79.94673080814165, -7.168216905580092, -6.53208630526135, -28.905405442163868, -102.42298869992295], "throughputs": [0, 0, 0, 0, 0], "handovers": [0, 0, 0, 0, 0], "training_time": 0.02515387535095215}